Date,Program Title,Live Stream,YouTube Views,FB Views,Attendance (in seats),Hours,Program Series,Venue,Type of Program,Male Speakers,Female Speakers,People of Color (informal),# of Speakers,Partner/ event,Total Viewing,,,,,,
10/5/07,Anniversary of Sputnik,,,,150,1.5,PS,NU Thorne,Original,,,,,,150,,,,,,
10/29/07,Nasa Administrative Griffin,,,,131,1.5,PS,NU Thorne,Original,,,,,,131,,,,,,
2/22/08,Stem Cell,,,,100,1.5,SS,Co-Sponsor - All Day Event,Original,,,,,,100,,,,,,
3/12/08,Future of Science: Rosner,,,,50,1.5,SS,Cultural Center,Original,1,0,0,1,,50,,,,,,
5/5&7/08,Energy Colloquium ,,,,60,1.5,CEE,Exelon/Co-Sponsor,Original,,,,,,60,,,,,,
9/24/08,Alan Leshner,,,,250,1.5,SS,NU Thorne,Original,1,0,0,1,,250,,,,,,
10/10/08,NASA Future Forum,,,,200,1.5,PS,Adler Planetarium/Co - Sponsor,Original,,,,,,200,,,,,,
10/14/08,EOL,,,,35,1.5,LS,Field Museum,Original,1,0,0,1,,35,,,,,,
11/3/08,Archer Daniels Midland,,,,70,1.5,CEE,NU Hughes,Original,1,0,0,1,,70,,,,,,
11/20/08,Digital Divide,,,,68,1.5,SS,Private Club Downtown,Original,1,0,0,1,,68,,,,,,
12/10/08,Bio Med - Mary Hendrix,,,,100,1.5,LS,NU Baldwin,Original,0,1,0,1,,100,,,,,,
1/20/09,John Rowe,,,,110,1.5,CEE,Palmer House,Original,1,0,0,1,,110,,,,,,
1/26/09,Bioterror ,,,,170,1.5,LS,Harold Washington Library,Original,,,,,,170,,,,,,
2/15/09,Dark Matter/Dark Enery,,,,215,1.5,PS,Blackstone Hotel,Original,3,0,0,3,,215,,,,,,
3/14/09,Green Sahara: Paul Sereno,,,,600,1.5,LS,Francis Parker,Original,1,0,0,1,,600,,,,,,
4/22/09,Conservation: Debbie M,,,,60,1.5,LS,DePaul - Lincoln Park,Original,0,1,0,1,,60,,,,,,
5/21/09,Surgical Robotics,,,,100,1.5,LS,UIC,Original,1,0,0,1,,100,,,,,,
6/8/09,Art & Science,,,,70,1.5,SS,"Art Institute of Chicago, Fullerton Hall",Original,1,2,0,3,,70,,,,,,
9/18/09,Science and Technology Policy: A View from Washington DC,,,,100,1.5,SS,NW Thorne Auditorium,Original,2,1,0,3,,100,,,,,,
10/14/09,Molecular to Monumental: Rediscovering Lost Cultures from the Inside Out,,,,30,1.5,SS,"Art Institute of Chicago, Fullerton Hall",Original,3,3,0,6,,30,,,,,,
10/22/09,The State of Science Education: A Local and National Perspective,,,,100,1.5,SS,NW Hughes Auditorium,Original,3,3,0,6,,100,,,,,,
10/26/09,In the Family: How much do you Sacrifice to survive? ,,,,110,1.5,LS,Gene Siskel Film Center,Original,1,0,0,1,,110,,,,,,
10/28/09,Hubble's Story,,,,670,1.5,PS,"School of the Art Institute, SAIC Ballroom",Original,1,0,0,1,,670,,,,,,
11/12/09,Water: The New Oil?,,,,37,1.5,CEE,NW Hughes Auditorium,Original,0,1,0,1,,37,,,,,,
12/2/09,Stem Cells & Nanotechnology: The Tools of Regenerative Medicine,,,,60,1.5,LS,"Palmer House, Hilton",Original,2,0,0,2,,60,,,,,,
12/6/09,When Crocs Ate Dinosaurs,,,,368,1.5,CEE,NW Thorne Auditorium,Original,1,0,0,1,,368,,,,,,
2/18/10,Storing Alternative Energies,,,,215,1.5,CEE,IIT McCloska Auditorium,Original,3,0,0,3,,215,,,,,,
3/11/10,Using Scientific Research to Fix Science Education,,,,26,1.5,SS,The University Club of Chicago,Original,1,0,0,1,,26,,,,,,
3/31/10,Member Networking Forum: The Public Education of Science ,,,,50,1.5,SS,NW Hughes Auditorium,Original,,,,,,50,,,,,,
4/6/10,Asian Carp Invasion: Potential Economic and Ecological Impacts in the Great Lakes,,,,150,1.5,LS,Shedd Aquarium,Original,5,0,0,5,,150,,,,,,
4/17/10,Women in Science Symposium 2010: Building an Identity,,,,171,1.5,SS,NW Rubloff Hall,Original,,,,,,171,,,,,,
4/21/10,NAE Grand Challenges for the 21st Century: Chicago Summit 2010,,,,500,1.5,SS,Fairmont Hotel,Original,,,,,,500,,,,,,
5/6/10,Mudball Earth,,,,35,1.5,CEE,NW Hughes Auditorium,Original,2,0,0,2,,35,,,,,,
6/5/10,Leon Lederman,,,,200,1.5,SS,Michigan Ave,Original,1,0,0,1,,200,,,,,,
9/7/10,Disaster in the Gulf,,,,120,1.5,LS,NW Baldwin Auditorium,Original,1,1,0,2,,120,,,,,,
9/21/10,Future Fuels,,,,70,1.5,CEE,IIT McCloska Auditorium,Original,3,0,0,3,,70,,,,,,
10/7/10,Climate Change in the Great Lakes Region,,,,150,1.5,CEE,The Field Musuem,Original,1,0,0,1,,150,,,,,,
11/16/10,The Immortal Life of Henrietta Lacks,,,,310,1.5,HW,NW Thorne Auditorium,Original,2,1,0,3,,310,,,,,,
12/9/10,Chicago's Dark Matter: WIMPs of the Underground,,,,150,1.5,PS,NW Hughes Auditorium,Original,3,,0,3,,150,,,,,,
1/25/11,The Moon,,,,75,1.5,PS,IIT McCloska Auditorium,Original,,,0,,,75,,,,,,
2/17/11,Cyber Scrty,,,,65,1.5,TEI,NW Hughes Auditorium,Original,2,,0,2,,65,,,,,,
2/24/11,BP Oil Spill: The Casue and Prevention,,,,60,1.5,CEE,IIT McCloska Auditorium,Original,1,,,1,,60,,,,,,
3/10/11,Drug Discovery: Ingenuity or Serendipity?,,,,65,1.5,LS,NW Hughes Auditorium,Original,1,,,1,,65,,,,,,
4/16/11,Panic Virus,,,,40,1.5,LS,MSI,Original,1,,,1,,40,,,,,,
4/25/11,America's Energy Challenges,,,,120,1.5,CEE,Harold Washington Library,Original,1,,,1,,120,,,,,,
4/27/11,Mind of the Chimpanzee,,,,65,1.5,LS,NW Hughes Auditorium,Original,1,1,,2,,65,,,,,,
5/25/11,Nuclear Proliferation,,,,60,1.5,CEE,NW Hughes Auditorium,Original,1,,,,,60,,,,,,
8/5/11,Tesla,,,,320,1.5,SS,NW Thorne Auditorium,Original,3,,,3,,320,,,,,,
9/13/11,High Speed Rail,,,,84,1.5,TEI,Harold Washington Library,Original,3,,,3,,84,,,,,,
9/24/11,Ask a Nobel,,,,56,1.5,SS,Michigan Ave,Original,1,,,1,,56,,,,,,
10/13/11,Chicago's Water,,,,86,1.5,CEE,Holiday Inn Chicago Mart Plaza,Original,3,2,,5,,86,,,,,,
11/13/11,Gene Patenting,,,,68,1.5,LS,NW Hughes Auditorium,Original,3,1,,4,,68,,,,,,
12/1/11,Science and Policy of Obesity,,,,80,1.5,HW,NW Hughes Auditorium,Original,2,5,,7,,80,,,,,,
1/19/12,Fracking,,,,77,1.5,CEE,NW Hughes Auditorium,Original,4,,,4,,77,,,,,,
1/31/12,Sustainable Energy,,,,81,1.5,CEE,IIT McCloska Auditorium,Original,1,,,1,,81,,,,,,
2/11/12,The Believers,,,,97,1.5,SS,Gene Siskel Film Center,Original,,,,,,97,,,,,,
2/23/12,Nanotechnology,,,,69,1.5,TEI,NW Hughes Auditorium,Original,2,,,2,,69,,,,,,
3/16/12,About Time,,,,53,1.5,PS,NW Hughes Auditorium,Original,1,,,1,,53,,,,,,
3/29/12,China's Clean Energy,,,,55,1.5,CEE,NW Hughes Auditorium,Original,2,,,2,,55,,,,,,
4/19/12,Oceans' Health,,,,52,1.5,LS,NW Hughes Auditorium,Original,2,1,,3,,52,,,,,,
5/1/12,CERN,,,,73,1.5,PS,Chicago Club,Original,1,,,1,,73,,,,,,
5/12/12,WiS 2012,,,,210,1.5,SS,NW Hughes Auditorium,Original,0,12,6,12,,210,,,,,,
9/15/12,Ask a Scientist at Argonne,,,,150,1.5,SS,Argonne National Laboratory,Original,3,1,,4,,150,,,,,,
9/20/12,America's Digital Tomorrow,,,,55,1.5,TEI,Flashpoint Media Academy,Original,1,,,1,,55,,,,,,
10/10/12,CSI: Picasso,,,,40,1.5,SS,IIT McCloska Auditorium,Original,,2,,2,,40,,,,,,
10/11/12,Exploring the Universe from the Bottom of the World,,,,95,1.5,PS,"School of the Art Institute, SAIC Ballroom",Original,1,,,1,,95,,,,,,
11/1/12,Networking,,,,65,1.5,SS,Peggy Notebart Nature Museum,Original,,,,,,65,,,,,,
11/8/12,"Evidence, Crime and the Law",,,,80,1.5,SS,NW Hughes Auditorium,Original,1,,,1,,80,,,,,,
12/4/12,Alzheimer's and Aging,,,,130,2,HW,NW Lincoln Room,Signature,1,3,,4,,130,,,,,,
1/25/13,"CP-1 Past, Present and Future of Nuclear Energy",43,,,86,1.5,CEE,NW Baldwin Auditorium,Original,3,,,3,,129,,,,,,
2/21/13,Bioluminescence,43,,,97,1.5,LS,McDermott Will and Emery,Original,1,,,1,,140,,,,,,
2/23/13,Ted X Windy City Contrast,43,,,750,1.5,SS,NW Thorne Auditorium ,Original,5,4,,9,Ted X,793,,,,,,
2/23/13,Hackathon MonkeyBars' Spring Build,43,,,150,1.5,TEI,IIT Technology Park,Original,,,,,MonkeyBars,193,,,,,,
3/7/13,"Spies, Satellites and Archaelogy",43,,,41,1.5,SS,Oriental Institute at University of Chicago,Original,1,,,1,,84,,,,,,
3/13/13,Music and the Brain,43,,,62,1.5,SS,NW Hughes Auditorium,Original,1,1,,2,,105,,,,,,
3/21/13,Economic Innovation,43,,,21,1.5,TEI,NW Lincoln Room,Original,2,,,1,,64,,,,,,
4/3/13,Chemical Innovations,132,,,28,1.5,TEI,NW Baldwin Auditorium,Original,1,,,,,160,,,,,,
8/1/13,Physics Baseball I,65,,,150,1.5,PS,US Cellular Field,Original,,,,1,,215,,,,,,
8/2/13,Physics Baseball II,,,,142,1.5,PS,US Cellular Field,Original,1,,,,,142,,,,,,
9/10/13,The Landscape of Techpark Innovation,,,,75,1.5,TEI,1871,Original,4,1,,5,,75,,,,,,
9/24/13,Out for the Sperm Count,46,,,38,1.5,LS,NW Baldwin Auditorium,Original,1,,,1,,84,,,,,,
10/24/13,The Price of Doing Nothing ,79,,,82,1.5,CEE,NW Baldwin Auditorium,Original,1,,,1,,161,,,,,,
10/29/13,Science with the Pint: Our Curious Chemical World,,,,25,1.5,LS,Hopleaf Bar,Original,2,1,,3,,25,,,,,,
11/12/13,Epidermal Electronics ,130,,,85,1.5,TEI,NW Baldwin Auditorium,Original,1,,,1,,215,,,,,,
11/13/13,FBI ,65,,,165,1.5,SS,Loyola ,Original,1,,,1,,230,,,,,,
12/11/13,Nano I,120,,,78,1.5,TEI,NW Hughes Auditorium,Original,,,,,,198,,,,,,
1/22/14,The Order of Crystallography,40,118,,38,1.5,TEI,NW Hughes Auditorium,Original,2,,,2,,78,,,,,,
1/30/14,Nano 2 at Argonne,24,83,,120,1.5,TEI,Argonne National Laboratory,Original,,1,,2,,144,,,,,,
2/26/14,Matter into Medicince,30,,,90,1.5,LS,NW Hughes Auditorium,Original,,1,,1,,120,,,,,,
3/12/14,IFSH - Is This Safe to Eat?,18,50,,40,1.5,,NW Hughes Auditorium,Original,2,,,2,,58,,,,,,
4/2/14,Star Trek,48,1073,,125,1.5,PS,UIC BSB room 250,Original,1,,,1,,173,,,,,,
4/3/14,Your Inner Fish,,,,130,1.5,LS,Reva and David Logan Center for the Arts,Original,2,,,2,,130,,,,,,
4/30/14,The Multiplication of Threats,,87,,90,2,CEE,NW Hughes Auditorium,Signature,3,1,,4,,90,,,,,,
8/23/14,Biomechanics,0,8863,,42,1.5,HW,Chicago Hilton South Loop,Original,1,,0,1,,42,,,,,,
9/8/14,Superintelligence,11,237,,80,1.5,SS,NW Hughes Auditorium,Original,1,,0,1,,91,,,,,,
9/19/14,Cinema Slapdown: Gravity,0,,,200,1.5,PS,"Columbia College, Film Row Cinema",Original,2,,0,2,,200,,,,,,
9/20/14,Community Cinema: Women In Space,0,,,71,1.5,PS,"Chicago Cultural Center, Cassidy Theater",Original,,4,0,4,,71,,,,,,
10/21/14,Science + Cinema,,10,,155,1.5,SS,"Columbia College, Film Row Cinema",Original,5,3,,8,,155,,,,,,
10/29/14,Future of Work,,95,,115,2,SS,NW Hughes Auditorium,Signature,4,,0,4,,115,,,,,,
11/12/14,Decoding The New Science and Math Standards I,2,58,,50,1.5,SS,Skokie Public Library,Original,,,,,,52,,,,,,
11/17/14,Nature's Fortune,,,,90,1.5,CEE,Blackstone Hotel,Original,,,,,,90,,,,,,
11/20/14,Decoding The New Science and Math Standards II,,,,32,1.5,SS,NW Hughes Auditorium,Original,3,2,0,5,,32,,,,,,
12/3/14,Women in STEM: Connect,,182,,180,1.5,SS,SAIC Ballroom,Original,,6,2,6,,180,,,,,,
12/9/14,C2ST Speakeasy: The sex life of reptiles,,,,27,1.5,LS,Geek Bar Chicago Beta,Speakeasy,,1,1,1,,27,,,,,,
2/3/15,C2ST Speakeasy: Thinking Outside the WEIRD: Variability in Human Biology,,,,26,1.5,LS,Geek Bar Chicago Beta,Speakeasy,1,,0,1,,26,,,,,,
2/3/15,C2ST Speakeasy: Hot or Not? The biology of human attraction,,,,24,1.5,LS,Geek Bar Chicago Beta,Speakeasy,1,,0,1,,24,,,,,,
2/5/15,How to be Healthy When You're Older,,149,,72,1.5,HW,NW Hughes Auditorium,Original,2,1,0,3,,72,,,,,,
2/11/15,Should America Launch a Major Push into Solar Energy?,,75,,180,1.5,CEE,IIT Perlstein Hall Auditorium,Original,1,,0,1,,180,,,,,,
2/12/15,Water: Chicago in the 21st Century and Beyond,,359,,130,1.5,CEE,NW Hughes Auditorium,Original,2,1,0,3,,130,,,,,,
2/21/15,American Denial,,,,164,1.5,SS,"Chicago Cultural Center, Cassidy Theater",Original,,1,0,1,,164,,,,,,
3/3/15,C2ST Speakeasy: Vandals of the Void: Damaging Meteors from Chelyabinsk to Chicago,,,,43,1.5,PS,Geek Bar Chicago Beta,Speakeasy,1,,0,1,,43,,,,,,
3/12/15,AICHE Engineering Career Day,,,,400,1.5,SS,"Hermann Hall, IIT",Booth,,,,,,400,,,,,,
3/25/15,Music - There's a Science to That,34,54,,85,1.5,SS,The Ballroom at the School of the Art Institute of Chicago,Original,3,,0,3,,119,,,,,,
4/7/15,C2ST Speakeasy: Biomedical Imaging and Personalized Medicine,,,,56,1.5,HW,Geek Bar Chicago Beta,Speakeasy,1,,0,1,,56,,,,,,
4/28/15,The Threat of Superbugs,120,394,,54,1.5,HW,"Baldwin Auditorium, Northwestern University",Original,4,1,0,5,,174,,,,,,
5/4/15,"C2ST Speakeasy: Plants: How we Use 'Em, and How We Don't Lose 'Em",,,,48,1.5,LS,Geek Bar Chicago Beta,Speakeasy,0,1,0,1,,48,,,,,,
5/13/15,When Playing Sports is Bad For Your Brain,,240,,34,1.5,HW,"Hughes Auditorium, Northwestern University",Original,1,2,0,3,,34,,,,,,
6/2/15,C2ST Speakeasy: Genes and Germs: The Battle that Defines Us,,,,41,1.5,LS,Geek Bar Chicago Beta,Speakeasy,1,0,0,1,,41,,,,,,
7/7/15,C2ST Speakeasy: The Neuroscience of Addiction,,,,57,1.5,HW,Geek Bar Chicago Beta,Speakeasy,0,1,0,1,,57,,,,,,
7/21/15,C2ST Speakeasy: Bio-Inspired Climbing Robots,,,,51,1.5,TEI,Geek Bar Chicago Beta,Speakeasy,1,0,0,1,,51,,,,,,
8/4/15,C2ST Speakeasy: The Ecology of Industry,,,,49,1.5,CEE,Geek Bar Chicago Beta,Speakeasy,0,1,1,1,,49,,,,,,
8/18/15,"C2ST Speakeasy: Diet, Gut Bacteria, and Metabolic Disease: Strategies to Promote Healthy Microbial Communities",,,,68,1.5,HW,Geek Bar Chicago Beta,Speakeasy,0,1,1,1,,68,,,,,,
9/1/15,C2ST Speakeasy: Why Being Poor Can Also Make You Sick,,,,28,1.5,LS,Geek Bar Chicago Beta,Speakeasy,0,1,0,1,,28,,,,,,
9/15/15,"C2ST Speakeasy: Sex, Science, and Jokes",,,,52,1.5,SS,Geek Bar Chicago Beta,Speakeasy,1,0,1,1,,52,,,,,,
10/1/15,What is the BRAIN Initiative?,49,288,,163,2,LS,"Hughes Auditorium, Northwestern University",Signature,4,0,1,4,,212,,,,,,
10/6/15,C2ST Speakeasy: Dirty Secrets: Managing Soil Systems for a Sustainable Future,,,,30,1.5,CEE,Geek Bar Chicago Beta,Speakeasy,0,1,1,1,,30,,,,,,
10/7/15,Evolution at the South Pole,,,,127,1.5,LS,Revolution Brewery,Original,1,1,0,2,,127,,,,,,
10/20/15,C2ST Speakeasy: A Diamond Age of Microelectronics,,,,34,1.5,TEI,Geek Bar Chicago Beta,Speakeasy,1,0,1,1,,34,,,,,,
10/21/15,Failure: Why Science is so Successful,4,59,,57,1.5,SS,Chicago Tech Academy High School,Original,1,0,0,1,,61,,,,,,
11/3/15,C2ST Speakeasy: What's the deal with wearable technology?,,,,42,1.5,TEI,Geek Bar Chicago Beta,Speakeasy,1,0,1,1,,42,,,,,,
11/12/15,A Picture is Worth 1000 Words - Teaching Science with Comics,,70,,57,1.5,SS,"Baldwin Auditorium, Northwestern University",Original,0,1,0,1,,57,,,,,,
11/17/15,C2ST Speakeasy: Robot Revolution,,,,54,1.5,TEI,Geek Bar Chicago Beta,Speakeasy,0,2,0,2,,54,,,,,,
12/1/15,C2ST Speakeasy: Feeling Down? Maybe it's the Season.,,,,21,1.5,HW,Geek Bar Chicago Beta,Speakeasy,0,1,1,1,,21,,,,,,
12/1/15,2015 Women in STEM: Connect,12,16,,125,1.5,SS,SAIC Ballroom,Original,0,4,2,4,,137,,,,,,
12/15/15,C2ST Speakeasy: Machine Learning and Medical Imaging,,,,38,1.5,TEI,Geek Bar Chicago Beta,Speakeasy,1,0,0,1,,38,,,,,,
1/5/16,C2ST Speakeasy: Getting More Electricity out of Sunlight,,,,51,1.5,CEE,Geek Bar Chicago Beta,Speakeasy,1,0,0,1,,51,,,,,,
1/19/16,C2ST Speakeasy: Playback From Pluto,,,,34,1.5,PS,Geek Bar Chicago Beta,Speakeasy,1,0,0,1,,34,,,,,,
2/2/16,C2ST Speakeasy: Saving Giants of the Amazon,,,,20,1.5,LS,Geek Bar Chicago Beta,Speakeasy,0,1,1,1,,20,,,,,,
2/16/16,C2ST Speakeasy: The Dark Path to our Being,,,,40,1.5,PS,Geek Bar Chicago Beta,Speakeasy,1,0,1,1,,40,,,,,,
2/25/16,How we Treat Cancer,14,,,88,1.5,HW,Matter,Original,2,1,0,3,,102,,,,,,
3/2/16,The Future of Solar Energy,,,,197,1.5,CEE,IIT,Original,1,0,0,1,"WISER, Armour College of Engineering ",197,,,,,,
3/9/16,Climate Disruption: What we can do now,9,,,70,1.5,CEE,1871,Original,1,0,0,1,,79,,,,,,
3/15/16,C2ST Speakeasy: Cannabis and the Developing Brain,,,,30,1.5,LS,Geek Bar Chicago Beta,Speakeasy,1,0,1,1,"Geek Bar, Chicago Chapter of the Society for Neuroscience",30,,,,,,
3/23/16,The Science of Addiction,45,,,105,1.5,HW,DePaul - Lincoln Park,Original,2,2,0,4,Chicago Chapter of the Society for Neuroscience,150,,,,,,
3/31/16,Roadmap for Inclusion,,,,95,1.5,SS,"Gleacher Center, Uchicago",Original,0,1,0,1,AWIS,95,,,,,,
4/9/16,The Myth of Brain Sex,,,,65,1.5,SS,UIC Moss Auditorium,Original,1,1,1,2,Chicago Chapter of the Society for Neuroscience,65,,,,,,
6/6/16,C2ST Speakeasy: Urban Farming and Closed-Loop Production,,,,50,1.5,TEI,Pint,Speakeasy,1,0,0,1,Pint; Plant Chicago,50,,,,,,
6/11/16,What's Going on at The Plant?,,,,52,1.5,SS,Plant Chicago,Original,2,1,1,3,Plant Chicago,52,,,,,,
7/5/16,C2ST Speakeasy: Summer of Zika,,,,35,1.5,HW,Pint,Speakeasy,1,0,0,1,Pint,35,,,,,,
8/2/16,C2ST Speakeasy: The hype versus the science of meditation and mindfulness,,,,35,1.5,HW,Pint,Speakeasy,0,1,0,1,Pint,35,,,,,,
8/17/16,The Secret Life of Female Chimpanzees,20,,,91,1.5,LS,Harold Washington Library,Original,0,1,0,1,Leakey,111,,,,,,
9/6/16,C2ST Speakeasy: Inherited effects of teenage binge drinking,,,,10,1.5,HW,Pint,Speakeasy,0,1,0,1,Pint,10,,,,,,
9/28/16,The Heart of Marine Biodiversity: Saving the Verde Island Passage,106,,,130,2,CEE,Shedd Aquarium,Signature,2,0,1,2,Shedd,236,,,,,,
10/4/16,C2ST Speakeasy: Metabolism of a Marathon,,,,22,1.5,SS,Pint,Speakeasy,0,1,0,1,Pint; HDMZ,22,,,,,,
10/6/16,Hacking the Brain to Find Ourselves,,,,44,1.5,SS,Loyola University Center for Translational Research & Education (Maywood Location),Original,1,0,0,1,Loyola; Chicago Chapter of the Society for Neuroscience,44,,,,,,
10/27/16,How the Indoor Microbiome Influence Health,17,,,63,1.5,HW,British International School (Lincoln Park Location),Original,1,0,0,1,British International School,80,,,,,,
11/17/16,Climate Change and Energy Needs: Finding a Path to Sustainability,27,,,180,2,CEE,IIT Kent College of Law,Signature,0,1,0,1,IIT,207,,,,,,
12/06/16,"C2ST Speakeasy: Navigation Across the Oceans, Earth, and Space",,,,52,1.5,PS,Pint,Speakeasy,1,0,0,1,Pint; Adler,52,,,,,,
01/10/17,C2ST Speakeasy: Why in the World Haven’t We Cured Alzheimer’s by Now?,,,,62,1.5,HW,Radler,Speakeasy,0,1,0,1,Radler; Chicago Chapter Society For Neuroscience,62,,,,,,
01/28/17,Devil Hack 1.00,,,,117,26,TEI,Warren Township High School,Booth,4,2,1,6,Akhan; Warren Township HS; Village of Gurnee; College of Lake County,117,,,,,,
02/06/17,The Physics of Baseball: What Newton said to the Billygoat,,,,73,1.5,PS,Gwendolyn Brooks College Prep,Original,1,0,0,1,NIU,73,,,,,,
02/07/17,C2ST Speakeasy: Sexy Stems: Aphrodisiac Plants that Cause Love to Bloom,,,,61,1.5,SS,Radler,Speakeasy,0,1,0,1,Radler,61,,,,,,
02/09/17,From Quarks to the Cosmos,,,,162,1.5,PS,Hyatt Regency Ballroom,Original,1,0,0,1,Quark Matter 2017,162,,,,,,
03/07/17,Speakeasy: Tales from the Sea: How do baby fish and other marine species find forever homes?,,,,51,1.5,LS,Pint,Speakeasy,1,0,0,1,Pint; Shedd,0,,,,,,
03/22/17,Recent Advances in CO2 Storage Science and Technology,7,,,133,1.5,CEE,"Perlstein Hall Auditorium, IIT",Original,0,1,0,1,WISER; IIT Armour College,7,,,,,,
03/30/17,Baseball: It’s Not Nuclear Physics—Or Is It?,28,,,75,1.5,PS,Harold Washington Library,Original,1,0,0,1,Harold Washington Library,28,,,,,,
04/06/17,The Usefulness of Useless Knowledge,66,,,55,1.5,SS,The Arts Club Chicago,Original,1,0,0,1,IAS,66,,,,,,
04/11/17,Making Things Meaningful in the Ice Age,43,,,109,1.5,SS,"Conaway Center, Columbia College",Original,0,1,0,1,Leakey; Columbia College,43,,,,,,
04/20/17,Extreme Science: The U.S. Antarctic Program,15,,,70,1.5,CEE,MTCC,Original,0,1,0,1,IIT College of Science,15,,,,,,
04/22/17,March for Science Chicago Booth,0,,,615,3.5,SS,Museum Campus,Booth,1,3,1,4,March for Science Chicago,0,,,,,,
04/23/17,Party for the Planet Booth,0,,,220,6,SS,Brookfield Zoo,Booth,0,4,0,4,Brookfield Zoo,0,,,,,,
04/24/17,Nothing Academic: Science-themed Improv,0,,,130,2,SS,Comedy Clubhouse,Original,12,6,1,19,ASBMB,0,,,,,,
05/02/17,How the new genome-editing technologies in agriculture will change our everyday lives,0,,,49,1.5,LS,Alliance Francais,Original,0,1,0,1,French Consulate Chicago; French Innovation Week,0,,,,,,
05/04/17,"Black holes, supernovae, Big Bang: why are gravitational waves a revolutionary discovery?",0,,,67,1.5,PS,Alliance Francais,Original,1,0,0,1,French Consulate Chicago; French Innovation Week,0,,,,,,
05/10/17,Urban Nature: Behind the Scenes,0,,,47,1.5,LS,"Arts & Cinema (Room 310), Columbia College",Original,3,0,0,3,"Columbia College, WTTW, The Chicago International Film Festival",0,,,,,,
06/12/17,Lawrence Krauss: The Greatest Story Ever Told—So Far,100,,,99,1.5,SS,Pritzker Military Museum & Library,Original,1,0,0,1,Bulletin of Atomic Scienctists; Illinois Science Council,100,,,,,,
06/20/17,"Dietary Supplements: Stories of Regulation, Safety, and Evidence",0,,,40,1.5,HW,The Radler,Speakeasy,0,1,0,1,Radler,0,,,,,,
07/11/17,Antibiotic Hunters: Discovering Drugs in the Ocean,,,,60,1.5,LS,The Radler,Speakeasy,1,0,0,1,Radler,0,,,,,,
08/25/17,Curators: Behind the Scenes of Natural History Museums with Lance Grande,27,,,62,2,SS,Chicago Maritime Museum,Original,1,0,0,1,Chicago Maritime Museum,27,,,,,,
09/06/17,Fermilab and the New Frontiers of Physics,169,,,107,2,PS,Harold Washington Library,Original,3,1,1,4,Fermi; Chicago Public Library,169,,,,,,
09/12/17,Chicago's Potemkin Village,,,,40,1.5,TEI,The Radler,Speakeasy,1,0,0,1,Radler,0,,,,,,
09/23/17,Fermilab's Open House Booth,,,,220,8,SS,Fermilab,Booth,3,3,2,6,Fermi,0,,,,,,
09/26/17,New Developments in Mental Health,57,,,60,2,HW,Northwestern Baldwin Auditorium,Original,1,3,1,4,"Chicago Chapter of the Society for Neuroscience; ARCS Foundation-Illinois, NAMI Chicago",57,,,,,,
10/10/17,Technology and Politics,,,,47,1.5,TEI,The Radler,Speakeasy,0,1,0,1,Radler,0,,,,,,
10/12/17,Alesi: The life and death of an ancestor,58,,,71,1.5,LS,Walter Payton High School,Original,1,0,1,1,Leakey,58,,,,,,
11/13/17,Unconscious Bias,104,,,139,1.5,SS,1871,Signature,1,3,1,4,"Horizon Pharma, 1871",104,,,,,,
11/15/17,Math-It's as easy as Pi!,74,,,97,1.5,SS,Roosevelt U - Gantz Hall,Signature,0,1,1,1,,74,,,,,,
12/12/17,In Awe of the Northern Lights,,,,124,1.5,PS,The Radler,Speakeasy,1,0,1,1,Radler,0,,,,,,
12/14/17,Strengthening Our Energy Security Future,,,,58,1.5,CEE,Alliance Francais,Original,3,0,0,3,Veteran's Energy Seminar,0,,,,,,
01/16/18,Genes and Geography,,,,75,1.5,LS,Pint,Speakeasy,1,0,0,1,Pint,0,,,,,,
02/06/18,Our Chemical Romance,,,,48,1.5,SS,Pint,Speakeasy,0,1,0,1,Pint,0,,,,,,
02/20/18,Investing in Science and Education: An Act of Faith,,,,70,1,SS,"Founders Room, Field Museum",Signature,1,0,0,1,Field,0,,,,,,
03/15/18,NU Women in STEM and Academia Booth,,,,25,2,SS,Prentice Women's Hospital,Booth,0,1,0,1,Nortwestern,0,,,,,,
03/19/18,Personalized Medicine,88,,,61,1.5,HW,Northwestern Baldwin Auditorium,Signature,2,2,0,4,Abbvie,88,,,,,,
03/23/18,Science Riot - 1st Show,,,,115,2,SS,"Rice Hall, Field Museum",Original,9,3,4,12,Science Riot,0,,,,,,
04/04/18,Challenges and Opportunities in an Emerging Solar Economy,,,,115,1.5,CEE,IIT Perlstein Hall,Original,1,0,1,1,"WISER, IIT Armour College of Engineering",0,,,,,,
04/04/18,Science is a Verb. We Must Get Sciencing. The World Requires It!,,,,43,2,SS,Fortnightly,Original,0,1,0,1,ARCS,0,,,,,,
04/05/18,Women in STEM Education and Career Fair at OKRFHS,,,,65,1.5,SS,Oak Park and River Forrest High School,Booth,0,3,0,3,OPRFHS,0,,,,,,
04/12/18,The Future of Trees: Hope in a Changing Climate,216,,,205,2,CEE,Morton Ginko Hall,Original,3,3,0,6,Morton,216,,,,,,
04/14/18,Speak up for Science,,,,50,3,SS,Field Museum,Booth,1,2,1,3,March for Science,0,,,,,,
04/20/18,Science Riot - 2nd Show,,,,158,2,SS,Theater on the Lake,Original,9,3,4,12,Science Riot,0,,,,,,
04/22/18,Party for the Planet Booth,,,,246,6,SS,Brookfield Zoo,Booth,1,3,0,4,Brookfield Zoo,0,,,,,,
05/07/18,Immersion in the Nanoworld,,,,49,1.5,TEI,Alliance Francais,Original,0,1,0,1,French Consulate Chicago; French Innovation Week,0,,,,,,
05/10/18,Climate Change and Viral Emergence in Humans and Domestic Animals,,,,55,1.5,CEE,Alliance Francais,Original,1,0,0,1,French Consulate Chicago; French Innovation Week,0,,,,,,
05/23/18,Origins of the Genus Homo,,,,184,1.5,LS,Harold Washington Library,Original,1,0,0,1,Leakey; Chicago Public Library,0,,,,,,
06/07/18,Columbia Explorers Academy Career Day,,,,53,2,SS,Columbia Explorers Academy,Booth,0,1,0,1,Columbia Explorers Academy,0,,,,,,
06/12/18,Mission to Mars: Team Composition,,,,65,1.5,SS,Galway Arms,Speakeasy,0,1,0,1,Galway Arms,0,,,,,,
06/14/18,Extreme Storms,261,,,55,2,CEE,Harold Washington Library,Original,2,2,1,4,Chicago Public Library,261,,,,,,
06/16/18,Science Friday Recording Booth,,,,60,1.5,SS,Harris Theater,Booth,1,1,0,2,"WBEZ, Science Friday",0,,,,,,
08/15/18,Sleep and Clocks: Windows to Health,,,,41,1.5,HW,Horner Park,Original,0,1,1,1,Chicago Park District,0,,,,,,
09/25/18,Head Banging: How Music and Concussions Affect Brain Health,69,,,19,1.5,HW,South Shore Cultural Center,Original,0,1,0,1,Chicago Park District,69,,,,,,
09/27/18,Science in Film: Lessons from the Movie Armageddon,77,,,52,2,PS,"Film Row Cinema, Columbia",Original,2,1,0,3,"Columbia College, Cinema and Television Arts Department; MIT Club of Chicago",77,,,,,,
10/02/18,Conversations for Science,,,,6,1.5,SS,Galway Arms,Speakeasy,2,0,1,2,Galway Arms,0,,,,,,
10/10/18,"Snapchat, Symphonies, and Synapses",,,,42,1.5,TEI,Motor Row Brewing,Speakeasy,0,1,0,1,MacArthur Foundation; Motor Row Brewing,0,,,,,,
11/08/18,What Makes Us Human?,,,,135,1.5,LS,Lincoln Park Zoo,Original,1,0,1,1,Leakey; Lincoln Park Zoo,0,,,,,,
11/09/18,Rise of the Warrior Apes,,,,73,2,LS,"Film Row Cinema, Columbia",Original,1,0,1,1,Leakey; Columbia College,0,,,,,,
11/12/18,Darsh Wasan Lecture Booth,,,,28,1,TEI,IIT Hermann Hall,Booth,0,1,0,1,IIT,0,,,,,,
11/28/18,Indigenous Science,,,,239,2,CEE,Chicago Cultural Center - Preston Bradley Hall,Original,2,1,3,3,Trickster Art Gallery; City of Chicago DCASE; Mitchell Museum; SACNAS NIU; SACNAS UChicago,0,,,,,,
12/05/18,Food Evolution,33,,,95,2.5,CEE,"Film Row Cinema, Columbia",Original,2,3,0,5,2Blades; Columbia College; Global Affairs; IFT,33,,,,,,
12/12/18,"Bionics, Robotics, and the Future of Rehabilitation",33,,,77,2.5,HW,Shirley Ryan AbilityLab,Signature,2,2,2,4,Shirley Ryan AbilityLab; WISE; Astellas,33,,,,,,
02/06/19,Array of Things,77,,,67,2,TEI,Harold Washington Library,Original,1,1,0,2,Argonne; City of Chicago Department of IT,77,,,,,,
02/20/19,"Mindfulness, Meditation, and Yoga",,,,29,2,HW,Jefferson Park,Original,0,1,0,1,Chicago Park District,0,,,,,,
02/27/19,WISER 2019 Lecture: New Directions in Strategic Energy Analysis,,,,96,1.5,CEE,"Perlstein Hall, IIT",Original,1,0,0,1,"WISER, IIT Armour College of Engineering",0,,,,,,
02/28/19,"Resilience, Empathy, Plasticity: Women in Neuroscience",124,,,141,2,LS,"McGowan South, DePaul ",Original,0,4,0,4,"DePaul, SNUC",124,,,,,,
03/12/19,Chicago Brain Buddies,,,,27,1.5,LS,Theater Wit,Original,1,2,1,3,Theater Wit; Chicago Brain Buddies,0,,,,,,
03/21/19,How Sexual Harassment Culture Infects Academia,49,,,35,2,SS,"Hughes Auditorium, NU",Original,0,3,2,3,UIC Women's Resources and Leadership Center; UIC College of Nursing; UIC Diversity; AWIS Chicago; GWIS Chicago; SACNAS UChicago; SACNAS NIU; Chicago Women in STEM Initiative,49,,,,,,
03/31/19,Symphony for our World Booth,,,,25,1,SS,Auditorium Theater,Booth,0,1,0,1,National Geographic (Innovation Arts and Entertainment),0,,,,,,
04/03/19,The Science of Star Wars,198,,,160,1.5,PS,Harold Washington Library,Original,1,0,0,1,Chicago Public Library,198,,,,,,
04/09/19,The LHC: From dark matter particles to extra dimensions,,,,67,1.5,PS,Alliance Francais,Original,1,0,0,1,French Consulate Chicago; French Innovation Midwest; UChicago; Alliance Francais,0,,,,,,
04/17/19,How Trees Can Help the World: Re-treeing Communities and Making the World a Cooler Place to Live,,,,175,2,CEE,Morton Ginko Hall,Original,4,2,0,6,Morton,0,,,,,,
04/26/19,Speaking at Depaul Neuro Class,,,,25,1,SS,"McGowan North, DePaul ",Booth,0,1,0,1,DePaul,0,,,,,,
05/09/19,Food for Thought,,,,40,1.5,HW,Ping Tom Memorial Park,Original,0,1,0,1,Chicago Park District,0,,,,,,
05/11/19,SPOT Workshop,,,,11,1,SS,"Pancoe Hall, Northwestern",Booth,1,4,0,5,SPOT,0,,,,,,
05/16/19,The Long and Short of Proteomics,,,,33,1.5,LS,Emporium Wicker Park,Speakeasy,2,0,0,2,Northwestern Chemistry of Life Institute; Northwestern Proteomics; Emporium Wicker Park,0,,,,,,
05/30/19,Lurie Prize Winner Lijian James Chen,52,,,78,2,LS,"Prentice Women's Hospital, Room L",Signature,2,0,1,2,Ann Lurie Trust,52,,,,,,
06/11/19,Does Recycling Still Matter?,187,,,140,1.5,CEE,Harold Washington Library,Original,2,2,1,4,Chicago Public Library; MWRD; BGA,187,,,,,,
07/23/19,Wild City: The Animals That Live Among Us,,,,81,1,LS,"UIC, Illinois B",Original,1,0,0,1,Animal Behavior Society,0,,,,,,
08/22/19,NUPA/CGSA Careers Symposium,,,,30,2,SS,"Potocsnak Atrium, Northwestern",Booth,0,1,0,1,"NUPA, CGSA",0,,,,,,
08/27/19,Tea or Coffee: It Might Depend On Your Genes,,,,54,1.5,HW,Osmium Coffee Bar,Speakeasy,0,1,0,1,Dark Matter Coffee,0,,,,,,
09/11/19,Urban Nature Walk,,,,45,1.5,LS,Northerly Island Park,Local,0,1,0,1,Chicago Park District,0,,,,,,
9/13/19,UIC PDA Career Development Symposium,,,,22,1,SS,"Student Center East, UIC",Booth,1,2,0,3,UIC Postdoctoral Association; Chientist,0,,,,,,
09/25/19,Leon Lederman Memorial,87,,,152,2,PS,Harold Washington Library,Signature,8,8,7,16,Fermi; Chicago Public Library,87,,,,,,
09/26/19,Talking Trees - Morton,,,,220,1.5,LS,Morton Thornhill,Original,2,0,0,2,Morton,0,,,,,,
10/05/19,Filtering the Facts of Kidney Health,,,,14,1,HW,Washington Fieldhouse,Local,0,1,1,1,Chicago Park District,0,,,,,,
10/16/19,The Earliest Child,346,,,124,1.5,LS,Harold Washington Library,Original,1,0,1,1,Leakey; Chicago Public Library,346,,,,,,
10/17/19,How to Communicate Facts in the Era of Fake News,,,,40,2,SS,Metis,Booth,1,3,0,4,Chicago Ideas Week; Metis,0,,,,,,
11/01/19,A Universe of Surprises,,,,27,1.5,PS,Dark Matter Lab,Speakeasy,1,1,0,2,Adler; Kavli Foundation; Dark Matter,0,,,,,,
11/13/19,CSI TECH: The Technology of Crime-Solving,,,,52,1.5,TEI,mHub,Original,3,1,1,4,"mHub, UChicago Crime Lab",0,,,,,,
11/21/19,The Art of Logic,100,,,129,1.5,SS,Harold Washington Library,Original,0,1,1,1,Chicago Public Library,100,,,,,,
12/06/19,The Case of Including Every(Body),52,,,19,2,SS,1871,Original,0,3,0,3,1871; Disability and Human Development UIC,52,,,,,,
12/10/19,How Psychotherapy Can Help Everyone,,,,12,1.5,HW,Harrison Park Fieldhouse,Original,0,1,0,1,Chicago Park District,0,,,,,,
01/27/20,We Believe in Dinosaurs,,,,149,2.5,SS,Gene Siskel Film Center,Original,1,3,0,4,137 Films,0,,,,,,
01/29/20,UIC Leadership and Service Booth,,,,33,2.5,SS,UIC Student Center East,Booth,0,2,1,2,UIC Student Leadership and Civic Engagement ,0,,,,,,
01/29/20,Cliff Dwellers - Human Environment Interaction in Amazonia,,,,70,1.5,CEE,Cliff Dwellers,Original,0,1,0,1,Cliff Dwellers,0,,,,,,
02/22/20,Many Pathways,,,,33,3.5,SS,Dvorak Park,Local,3,3,6,6,"Chicago Park District, Onli Packs",0,,,,,,
02/29/20,C2E2 Science of Star Wars,,,,212,1,SS,C2E2,Original,2,1,0,3,C2E2,0,,,,,,
03/10/20,CWISI,,,,52,,SS,Northwestern Prentice Hospital,Booth,0,2,1,2,CWISI,0,,,,,,
04/07/20,SFTF:Perceptions and Public Understanding of COVID-19,135,,135,,1,HW,Facebook Live,Original,0,1,0,1,RTI,135,,,,,,
04/09/20,SFTF:Fighting COVID-19!,157,,157,,1,HW,Facebook Live,Original,0,1,0,1,,157,,,,,,
04/16/20,SFTF:3D Printing PPE,176,,176,,1,TEI,Facebook Live,Original,1,0,0,1,"Idea Realization Lab, Illinois PPE Network",176,,,,,,
04/28/20,SFTF:Sir Run Run Shaw Hospital Program,22,,22,,1,HW,Website (recorded - embedded link),Original,5,5,10,10,Sir Run Run Shaw,22,,,,,,
05/07/20,SFTF:Racial Disparity in COVID-19 Panel,199,,199,,1,SS,Facebook Live,Original,1,3,4,4,,199,,,,,,
05/20/20,SFTF:Gender Disparity in COVID-19 Cases,68,,68,,1,SS,Facebook Live,Original,0,1,0,2,OKLAHOMA MEDICAL RESEARCH FOUNDATION,68,,,,,,
05/26/20,SFTF:Sanitizer and Spirits ,187,63,124,,1,SS,Facebook Live & YouTube,Original,0,1,0,1,"Koval, Greater Ravenswood Chamber of Commerce, Lincoln Square Ravenswood Chamber of Chamber Commerce",,,,,,,
06/02/20,SFTF: Virus Entry,169,85,84,,1,LS,Facebook Live & YouTube,Original,0,1,0,1,ChiTownBio,,,,,,,
06/17/20,"Art, Science, and the Elegant Universe",301,99,202,,1,PS,Facebook Live & Youtube ,Original,0,2,0,2,Fermilab,,,,,,,
06/25/20,Forensic Genomic Technologies: New Frontiers Bring New Considerations,171,104,67,,1,TEI,Facebook Live & Youtube ,Original,0,1,0,1,IGB,171,,,,,,
06/30/20,An Evening into the Multiverse,198,83,115,,1,SS,Facebook Live & YouTube,Original,1,1,2,2,"Chicago Public Library, UIC Latino Cultural Center, WindyCon",175,,,,,,
07/02/20,Neutrino 2020 Physics Slam,341,227,114,,1,PS,Facebook Live & YouTube,Original,2,2,1,4,"Fermilab, Neutrino 2020",341,,,,,,
07/09/20,SFTF: Engineering at the Service of Humanity,109,67,42,,1,TEI,Facebook Live & YouTube,Original,1,0,1,1,IGB; Chicago Engineers' Foundation,109,,,,,,
07/21/20,3D Printing in Action: An Introduction to Digital Fabrication,117,50,67,,1,TEI,Facebook Live & YouTube,Original,0,1,0,1,Homewood Science Center,117,,,,,,
08/05/20,Mindfully Coping: Strategies for Children and Families During a Pandemic,105,57,48,,1,HW,Facebook Live & YouTube,Original,1,0,1,1,NAMI,120,,,,,,
08/20/20,The Study of Ancient DNA: Knowledge from Unexpected Sources,114,65,49,,1,LS,Facebook Live & YouTube,Original,1,1,1,2,IGB; Kleinmutz Center,114,,,,,,
08/27/20,Lessons in Biology Taught by a Pathogen,107,76,31,,1,LS,Facebook Live & YouTube,Original,1,0,0,1,Chitown Bio,107,,,,,,
09/01/20,UIC Involvement Fair,24,0,0,,,SS,Booth,Original,0,2,,,,,,,,,,
09/24/20,The Power of Genomics: Optimzing Health Outcomes & Wildlife Conservation,88,0,88,,1,LS,Facebook Live & YouTube,Original,1,0,0,1,IGB; Kleinmuntz Center,,,,,,,
10/12/20,Deploying SHIELD: To Illinois and Beyond,125,43,82,,1,HW,Facebook Live & YouTube,Original,2,0,0,2,University of Illinois System,,,,,,,
,,,,,,,,,,,,,,,,,,,,,
,,,,,,,,,,,,,,,,,,,,,
,,,,,,,,,,,,,,,,,,,,,
,,,,,,,,,,,,,,,,,,,,,
,Mean,,Q1:,,98.00796813,49.5,,,,,,,,,,,,,,,
,Median,,Q2:,,68,70,,,,,,,,,,,,,,,
,Mode,,Q3:,,60,122.5,,,,,,,,,,,,,,,
,,,,,,,,,,,,,,,,,,,,,
,Total (2008-2019),7153,976,1788,24868,,,,,,,,,,,,,,,,
,Grand total,32021,,,25149,,,,,,,,,,,,,,,,
,,,,,,,,,,,,,,,,,,,,,
,,,,,,,,,,,,,,,,,,,,,
,attendance by year:,Speakeasy,Booth,,Original,Local,Online,In Seat+Online,# of Programs,Total hours of programming,average attendance,avg. Original,avg. Speakeasy attendance,avg. Booth,avg. Online,avg. Local,avg. Total,# Speakers,#Female Speakers,prop. women,prop. POC
July 2007-June 2008,491,,,,,,,491,5,7.5,98.20,,,,,,,1,,,
July 2008-June 2009,2048,,,,,,,2048,12,19.5,170.67,170.67,,,,,,14,,,
July 2009-June 2010,2822,,,,,,,2822,17,24,166.00,166,,,,,,33,,,
July 2010-June 2011,1350,0,,,1760,,,1350,15,19.5,90.00,117.3333333,,,,,,25,3,0.1428571429,
July 2011-June 2012,1461,0,,,1516,,,1461,16,22.5,91.31,94.75,,,,,,40,21,0.4285714286,
July 2012-June 2013,1850,0,,,2040,,433,2283,17,23,108.82,120,,,54.125,,152.2,30,10,0.3571428571,
July 2013-June 2014,1473,0,,,1473,,665,2138,16,24.5,92.06,92.0625,,,60.45454545,,133.625,27,5,0.1923076923,
July 2014-June 2015,2399,373,,,2134,,167,2566,28,38,85.68,118.5555556,37.86,,23.85714286,,99.03703704,57,23,0.4035087719,0.0468
July 2015-June 2016,1950,641,,,1201,394,133,2083,30,45.5,65,100.0833333,41.61111111,,22.16666667,78.8,70.53571429,46,21,0.4565217391,0.304
July 2016-June 2017,2897,368,952,,1577,1500,429,3326,29,76,99.89655172,92.76470588,40.88888889,317.3333333,42.9,150,54,61,27,0.4426229508,0.06557377049
July 2017-June2018,2882,459,719,,1704,1589,1054,3936,32,65,90.0625,94.66666667,65.57,102.7142857,117.1111111,99.3125,32.9375,89,40,0.4494382022,0.2134831461
July 2018-June 2019,1956,81,89,,1786,1164,899,2855,27,45,72.44444444,89.3,27.00,22.25,89.90,89.53846154,33.2962963,61,33,0.5409836066,0.2295081967
July 2019-June 2020,1570,81,92,,1312,391,2368,3938,32,23,75.90,84.8,40.50,30.67,177.67,63.17,39.00,42,24,0.5714285714,0.2619047619
July 2020-June 2021,0,97,233,,759,433,1130,1130,9,24.5,74.45,75.9,48.50,77.67,146.25,47.33,39.00,45,27,0.6,0.2444444444
Mean (2008-2020):,2098.909091,384.4,586.6666667,,1687.888889,1417.666667,536.4,2953.2,21.72727273,36.59090909,100.47,114.20,42.59,147.43,51.51,104.41,57.96,43.90909091,20.7,0.3793282657,0.1868783125
Total,25149,1841,1671,,13405,3089,2881,31297,285,410,,,436,,,,,523,150,,
,,,,,,,,,,,,,,,,,,,,,
,,,,,,,,,,,,,,,#DIV/0!,,,,,,
,,,,,,,,,,,,,,,,,,,,,
,,,,,,,,,,,,,,,58.64492373,,,,,,